{"initial_reset_timestamp": 1531853492.6648617, "timestamps": [1531853510.785817], "episode_lengths": [1000], "episode_rewards": [1098.9799920304708], "episode_types": ["t"]}